page,image_index_on_page,filename,caption,category_subfolder,output_path,image_hash,image_size_bytes,has_hood
1,1,M90390881_SH2FDC_Custom_DTF_Logo_on_Royal.png,M90390881 SH2FDC Custom DTF Logo on Royal,tshirt/men,tshirt\men\M90390881_SH2FDC_Custom_DTF_Logo_on_Royal.png,ce768ce133bb61d1badd2ed205ca7ff6,20721,False
1,2,M101003415_SH2FDC_Custom_DTF_Logo_on_Royal.png,M101003415 SH2FDC Custom DTF Logo on Royal,tshirt/men,tshirt\men\M101003415_SH2FDC_Custom_DTF_Logo_on_Royal.png,9a1e08211cb595b990f1314272eff36a,25737,False
1,3,M90390996_SDNIET_Nietzsche_DTF_on_Royal.png,M90390996 SDNIET Nietzsche DTF on Royal,tshirt/men,tshirt\men\M90390996_SDNIET_Nietzsche_DTF_on_Royal.png,180996d87935c2b2bcc6121081e2a48b,25852,False
1,4,M90409693_SDREMC_Represent_DTF_on_Royal.png,M90409693 SDREMC Represent DTF on Royal,tshirt/men,tshirt\men\M90409693_SDREMC_Represent_DTF_on_Royal.png,99f9ee3aa59128a3249b398bde052818,25467,False
2,1,M90475038_SDSOCR_Socrates_DTF_on_Royal.png,M90475038 SDSOCR Socrates DTF on Royal,tshirt/men,tshirt\men\M90475038_SDSOCR_Socrates_DTF_on_Royal.png,fe5548cc74c23b7191dbd95bc31bb815,24363,False
2,2,M90493238_SHABSC_Absorb_DTF_on_Royal.png,M90493238 SHABSC Absorb DTF on Royal,tshirt/men,tshirt\men\M90493238_SHABSC_Absorb_DTF_on_Royal.png,50fd7144ad5d65252192888c292161c6,27162,False
2,3,M90740087_SDCNAC_Nation_Mascot_DTF_on_Royal.png,M90740087 SDCNAC Nation Mascot DTF on Royal,tshirt/men,tshirt\men\M90740087_SDCNAC_Nation_Mascot_DTF_on_Royal.png,234b374bd368cbeec33122349946f0a5,24337,False
2,4,M90648820_SHOUDC_Over_Under_DTF_on_Royal.png,M90648820 SHOUDC Over Under DTF on Royal,tshirt/men,tshirt\men\M90648820_SHOUDC_Over_Under_DTF_on_Royal.png,f302519eb2922cf079a41556a5836701,27473,False
3,1,M90740283_SDCPLS_Pride_Lives_DTFon_Steel.png,M90740283 SDCPLS Pride Lives DTFon Steel,tshirt/men,tshirt\men\M90740283_SDCPLS_Pride_Lives_DTFon_Steel.png,d1555afec5a740c7184e09f3b3dc2980,35935,False
3,2,M90474751_SH2FDS_Custom_DTF_Logo_on_Steel.png,M90474751 SH2FDS Custom DTF Logo on Steel,tshirt/men,tshirt\men\M90474751_SH2FDS_Custom_DTF_Logo_on_Steel.png,f8f925a24cdb165b12cb00e714fe379f,32325,False
3,3,M90475299_SHABSS_Absorb_DTF_on_Steel.png,M90475299 SHABSS Absorb DTF on Steel,tshirt/men,tshirt\men\M90475299_SHABSS_Absorb_DTF_on_Steel.png,ac17177ceefcc005b93e0d87aa8b1c8a,36309,False
3,4,M90530215_SDLOCK_Locke_DTF_on_Steel.png,M90530215 SDLOCK Locke DTF on Steel,tshirt/men,tshirt\men\M90530215_SDLOCK_Locke_DTF_on_Steel.png,f3858ae6dff1212d9989ae61a9932aa0,34248,False
4,1,M90531469_SDNIET_Nietzsche_DTF_on_Steel.png,M90531469 SDNIET Nietzsche DTF on Steel,tshirt/men,tshirt\men\M90531469_SDNIET_Nietzsche_DTF_on_Steel.png,9abf1692ca1c09ba1d32ce5c1272e881,34944,False
4,2,M90409994_SH2FDC_Jr_Custom_DTF_Logo_on_Royal.png,M90409994 SH2FDC Jr Custom DTF Logo on Royal,tshirt/women,tshirt\women\M90409994_SH2FDC_Jr_Custom_DTF_Logo_on_Royal.png,e0e5f1709b95d6bc9532fb1f74c9ec79,18615,False
4,3,M90410571_SHBMDC_Jr_Backer_DTF_on_Royal.png,M90410571 SHBMDC Jr Backer DTF on Royal,tshirt/women,tshirt\women\M90410571_SHBMDC_Jr_Backer_DTF_on_Royal.png,b180736f4eab52b15556419890a8577f,46705,False
4,4,M90487355_SDBEBC_Jr_Bebop_DTF_on_Royal.png,M90487355 SDBEBC Jr Bebop DTF on Royal,tshirt/women,tshirt\women\M90487355_SDBEBC_Jr_Bebop_DTF_on_Royal.png,0e5f7d277e91d8e5914e2131bc2dc24d,21794,False
5,1,M90489637_SDBIOC_Jr_Bionic_DTF_on_Royal.png,M90489637 SDBIOC Jr Bionic DTF on Royal,tshirt/women,tshirt\women\M90489637_SDBIOC_Jr_Bionic_DTF_on_Royal.png,7ae787180e12b6e09481a13361a53d07,22912,False
5,2,M90474836_SH2FDS_Jr_Custom_DTF_on_Steel.png,M90474836 SH2FDS Jr Custom DTF on Steel,tshirt/women,tshirt\women\M90474836_SH2FDS_Jr_Custom_DTF_on_Steel.png,8616104a985cefa00e44415453a4f893,26854,False
5,3,M90474935_SDATIS_Jr_A_Tiempo_on_Steel.png,M90474935 SDATIS Jr A Tiempo on Steel,tshirt/women,tshirt\women\M90474935_SDATIS_Jr_A_Tiempo_on_Steel.png,af7d1e13fb50310bfc506d31bc0569de,27608,False
5,4,M90489396_SDBIOS_Jr_Bionic_DTF_on_Steel.png,M90489396 SDBIOS Jr Bionic DTF on Steel,tshirt/women,tshirt\women\M90489396_SDBIOS_Jr_Bionic_DTF_on_Steel.png,c4d284a7f2d36a039e175d5fa200b810,30330,False
6,1,M90490096_SHBMDS_Jr_Backer_DTF_on_Steel.png,M90490096 SHBMDS Jr Backer DTF on Steel,tshirt/women,tshirt\women\M90490096_SHBMDS_Jr_Backer_DTF_on_Steel.png,d2d6e8a1a907448ddab23bb26154cfe3,27578,False
6,2,M90493636_SHDADS_Jr_Dasher_DTF_on_Steel.png,M90493636 SHDADS Jr Dasher DTF on Steel,tshirt/women,tshirt\women\M90493636_SHDADS_Jr_Dasher_DTF_on_Steel.png,40b1ee112b0abe050f78c5136fe6e66b,28715,False
6,3,M102886126_CM6988_Applique_Full_Front_on_Steel.png,M102886126 CM6988 Applique Full Front on Steel,tshirt/men,tshirt\men\M102886126_CM6988_Applique_Full_Front_on_Steel.png,7c090308fa1482ec1fb51bdefe1b5ca2,24740,False
6,4,M102986071_SHE2CJ_Custom_Logo_Royal_Jacket.png,M102986071 SHE2CJ Custom Logo Royal Jacket,jacket,jacket\M102986071_SHE2CJ_Custom_Logo_Royal_Jacket.png,4fc7fd48ccaa898affe9692444232f52,35926,False
7,1,M90385710_SDLCJA_Custom_DTF_on_Royal_Jacket.png,M90385710 SDLCJA Custom DTF on Royal Jacket,jacket,jacket\M90385710_SDLCJA_Custom_DTF_on_Royal_Jacket.png,fd45b87f95e3b54e47c53f6001e6ab7e,36045,False
7,2,M104257389_SHE2CJ_Custom_Mark_Black_Jacket.png,M104257389 SHE2CJ Custom Mark Black Jacket,jacket,jacket\M104257389_SHE2CJ_Custom_Mark_Black_Jacket.png,e0b7f193590d13a5b17aa1556870feaf,32232,False
7,3,M90493367_SDLCJA_Custom_DTF_on_Black_Jacket.png,M90493367 SDLCJA Custom DTF on Black Jacket,jacket,jacket\M90493367_SDLCJA_Custom_DTF_on_Black_Jacket.png,feec2861717aa5c122d495379237dd51,32367,False
7,4,M90490525_SHPHFD_Custom_DTF_Flannels.png,M90490525 SHPHFD Custom DTF Flannels,flannels,flannels\M90490525_SHPHFD_Custom_DTF_Flannels.png,66fbc1bee5f7040539d40350ff1fa035,38847,False
8,1,M101002922_SH2BWF_Custom_DTF_Flannels.png,M101002922 SH2BWF Custom DTF Flannels,flannels,flannels\M101002922_SH2BWF_Custom_DTF_Flannels.png,12a678f47aaf3779d5e3be85596a66e2,40950,False
8,2,M90491248_SDOCPF_Octane_DTF_Flannels.png,M90491248 SDOCPF Octane DTF Flannels,flannels,flannels\M90491248_SDOCPF_Octane_DTF_Flannels.png,9f887eadef3f4b722c42d4c3737a92e1,47017,False
8,3,M90491430_SHPHDS_Custom_DTF_Joggers.png,M90491430 SHPHDS Custom DTF Joggers,pants,pants\M90491430_SHPHDS_Custom_DTF_Joggers.png,d5878fca34124d144aadca8946589d4d,26747,False
8,4,M101004082_SH2DPS_Custom_DTF_Joggers.png,M101004082 SH2DPS Custom DTF Joggers,pants,pants\M101004082_SH2DPS_Custom_DTF_Joggers.png,36982ba8f5642af3adf989417a4b05ab,29321,False
9,1,M90492074_SDOCPS_Octane_DTF_Joggers.png,M90492074 SDOCPS Octane DTF Joggers,pants,pants\M90492074_SDOCPS_Octane_DTF_Joggers.png,9cc5fa5c1841ed96e120744d9e5716f2,28942,False
9,2,M102060456_SDAVSS_Avery_DTF_Steel_Side_Shorts.png,M102060456 SDAVSS Avery DTF Steel Side Shorts,shorts,shorts\M102060456_SDAVSS_Avery_DTF_Steel_Side_Shorts.png,48fe6fe301133156837c105072c3812d,33877,False
9,3,M90492230_SHSHDC_Custom_DTF_Royal_Shorts.png,M90492230 SHSHDC Custom DTF Royal Shorts,shorts,shorts\M90492230_SHSHDC_Custom_DTF_Royal_Shorts.png,2f70c02151150d4aff42e488b40df2a3,21109,False
9,4,M90528863_SHPSDC_Power_Hitter_DTF_Royal_Shorts.png,M90528863 SHPSDC Power Hitter DTF Royal Shorts,shorts,shorts\M90528863_SHPSDC_Power_Hitter_DTF_Royal_Shorts.png,3957dac79a868964b85f400e1e502fb1,21169,False
10,1,M90528568_SHSHDS_Custom_DTF_Charcoal_Shorts.png,M90528568 SHSHDS Custom DTF Charcoal Shorts,shorts,shorts\M90528568_SHSHDS_Custom_DTF_Charcoal_Shorts.png,de85f70b3003271628991c1b922f01d3,24904,False
10,2,M90528160_SHSIDS_Similar_DTF_Charcoal_Shorts.png,M90528160 SHSIDS Similar DTF Charcoal Shorts,shorts,shorts\M90528160_SHSIDS_Similar_DTF_Charcoal_Shorts.png,65af387a953e12eec11a05159cbe58f5,25118,False
10,3,M90529945_SDBUMS_Jr_Buinton_DTF_Ash_Shorts.png,M90529945 SDBUMS Jr Buinton DTF Ash Shorts,shorts,shorts\M90529945_SDBUMS_Jr_Buinton_DTF_Ash_Shorts.png,23a3e1c2559209974ebce60e304b39c9,29820,False
10,4,M90530099_SDSTMS_Jr_Strelka_DTF_Ash_Shorts.png,M90530099 SDSTMS Jr Strelka DTF Ash Shorts,shorts,shorts\M90530099_SDSTMS_Jr_Strelka_DTF_Ash_Shorts.png,efaafe3f3e37073163f5d7b149518b0e,29720,False
11,1,M100333382_SHE2CH_Custom_Logo_Royal_Hat.png,M100333382 SHE2CH Custom Logo Royal Hat,hat,hat\M100333382_SHE2CH_Custom_Logo_Royal_Hat.png,7f38edeaf51fd06b161e586347811bea,11715,False
11,2,M100333981_SHE2CH_Custom_Logo_Royal_Hat.png,M100333981 SHE2CH Custom Logo Royal Hat,hat,hat\M100333981_SHE2CH_Custom_Logo_Royal_Hat.png,e5e54492de22875c4908344c07f473f9,10653,False
11,3,M100333571_SHE2CH_Custom_Logo_Gray_Hat.png,M100333571 SHE2CH Custom Logo Gray Hat,hat,hat\M100333571_SHE2CH_Custom_Logo_Gray_Hat.png,20993008a1d461fbd3c421387d5a835a,9193,False
11,4,M100334040_SHE2CH_Custom_Logo_Gray_Hat.png,M100334040 SHE2CH Custom Logo Gray Hat,hat,hat\M100334040_SHE2CH_Custom_Logo_Gray_Hat.png,5a76790d94427bb59f64aa756b24dd32,8056,False
12,1,M100334148_SHE2CB_Custom_Logo_Royal_Beanie.png,M100334148 SHE2CB Custom Logo Royal Beanie,beanie,beanie\M100334148_SHE2CB_Custom_Logo_Royal_Beanie.png,9f66a83436c281b75cacc618fa7dadc8,13149,False
12,2,M100334330_SHE2CB_Custom_Logo_Royal_Beanie.png,M100334330 SHE2CB Custom Logo Royal Beanie,beanie,beanie\M100334330_SHE2CB_Custom_Logo_Royal_Beanie.png,71ac9e0ddc8843334a747bd4262e596d,12282,False
12,3,M100334278_SHE2CB_Custom_Logo_Gray_Beanie.png,M100334278 SHE2CB Custom Logo Gray Beanie,beanie,beanie\M100334278_SHE2CB_Custom_Logo_Gray_Beanie.png,1e1c1dad72b2c34b9fbf9fbc724a30b1,13962,False
12,4,M100334468_SHE2CB_Custom_Logo_Gray_Beanie.png,M100334468 SHE2CB Custom Logo Gray Beanie,beanie,beanie\M100334468_SHE2CB_Custom_Logo_Gray_Beanie.png,297c07e14b1a76370371148e3124feaa,13131,False
13,1,M90386189_SS8052_Custom_Logo_Socks.png,M90386189 SS8052 Custom Logo Socks,socks,socks\M90386189_SS8052_Custom_Logo_Socks.png,ff425bdf7923114c24f990d82d7a89f0,37332,False
13,2,M90475568_SHOCMS_Octane_Logo_Socks.png,M90475568 SHOCMS Octane Logo Socks,socks,socks\M90475568_SHOCMS_Octane_Logo_Socks.png,da947f8da90b33d8954d4b8f2c5fe63a,38065,False
13,3,M101255759_SHWBUV_Custom_Logo_Water_Bottle.png,M101255759 SHWBUV Custom Logo Water Bottle,bottle,bottle\M101255759_SHWBUV_Custom_Logo_Water_Bottle.png,f3ea5a3f72345966a7ef9333ae70273c,26833,False
13,4,M101857496_SHWBUV_Custom_Logo_Water_Bottle.png,M101857496 SHWBUV Custom Logo Water Bottle,bottle,bottle\M101857496_SHWBUV_Custom_Logo_Water_Bottle.png,daffa9c4e6543483ad9aad35944122b8,39346,False
14,1,M101867058_SHSSUV_Custom_Logo_Water_Bottle.png,M101867058 SHSSUV Custom Logo Water Bottle,bottle,bottle\M101867058_SHSSUV_Custom_Logo_Water_Bottle.png,dd3106abe4965cc1c925513469a5dbcb,35440,False
14,2,M101255673_SHPLUD_Custom_DTF_Logo_Plush.png,M101255673 SHPLUD Custom DTF Logo Plush,plush,plush\M101255673_SHPLUD_Custom_DTF_Logo_Plush.png,4eafc490cd548789200fef3183627b61,36211,False
14,3,M11000381_SHWGCH_Custom_PFD_Header.png,M11000381 SHWGCH Custom PFD Header,signage,signage\M11000381_SHWGCH_Custom_PFD_Header.png,74d1cf518d1fc3750f6e7bead56789d1,24158,False
14,4,M11000288_SHWGCS_Custom_Spinner_Header.png,M11000288 SHWGCS Custom Spinner Header,signage,signage\M11000288_SHWGCS_Custom_Spinner_Header.png,fcb2d2396ff3d7316a8ab3ab62dbf2a0,28122,False
15,1,M100846268_SHMH23_Custom_3FT_Shelf_Magnet.png,M100846268 SHMH23 Custom 3FT Shelf Magnet,signage,signage\M100846268_SHMH23_Custom_3FT_Shelf_Magnet.png,414ff01ed5f6f17e892d09d3a6488ce9,22352,False
15,2,M100845983_SHMH24_Custom_4FT_Shelf_Magnet.png,M100845983 SHMH24 Custom 4FT Shelf Magnet,signage,signage\M100845983_SHMH24_Custom_4FT_Shelf_Magnet.png,5d21ba99a3545950cf979977e6acd017,22792,False
